0,1,2,3,4,5,6,7,8,9,10,11,12,13,14,15,16,17,18,19,20,21,22,23,24,25,26,27,28,29
1.5326001793382915,3.22812577920845,1.487944969935945,1.6288694811061037,-0.8387546217392304,0.195739891082385,0.33239795983246123,0.4669239447763572,-1.4269605544015855,-1.3912017289562457,1.2781819363131983,0.20042448260918871,0.9870330942881932,1.690071408762901,-0.4954766342092098,0.05859696236486802,-0.17181660678919283,-0.16195639057888148,-0.9475909354352681,-0.5765070312270113,2.429798862629685,3.2977252944331843,2.1995797508999466,2.8643009833950734,0.3870067447533235,1.0215380204778768,0.6227308094968221,0.7553488054956845,-0.30302295754143954,-0.44114164725645677
-0.7529697995910729,0.4404994244747046,-0.7404666821273754,-0.7212930387697831,0.9939474072432775,-0.18314334922591585,-0.5272425027208895,-0.672967650276613,0.10555643298830328,1.0666449454584568,-0.2824021980827271,1.749099135413949,-0.3919587683124234,-0.3572837594441245,1.0972573396358218,-0.45703470535227436,-0.19601252102052033,-0.6802009416051968,-0.3150228541461552,0.06636238724747731,-0.6406634889277635,1.1123517055052312,-0.6663671810360882,-0.6215060535822623,1.0292425530987164,-0.5282363204028477,-0.44357607095468193,-0.7884977687287763,-0.21884718099127407,0.28237333363121003
-0.28340963065261443,-0.8708969737087354,-0.18942929261550095,-0.3531056786869752,3.080408178700286,1.4371787847654134,1.4929564498811603,1.2340989419918438,0.41280017683700093,2.0646004214176177,-0.03480408740943013,-0.5207168680286199,-0.2183465602799071,-0.11624898119836315,0.03961076789190513,0.20592029599833714,0.6995465095672042,0.32874553617175317,-0.6665947836229557,1.2332451340366362,0.02366913615566001,-0.49740272679188696,-0.011216565363033918,-0.08199977463823173,2.3438863218594204,1.0228182966785218,1.756157899833889,1.3059055705801754,0.4425339204743092,3.214216190712253
0.32758432411068095,-1.513263046756077,0.2612699453733163,0.2056122033967261,-1.0065173459307057,-0.7954562019842221,-0.36418779477776225,-0.4338078333308944,-1.6823800522999008,-1.0817919525671609,-0.7033566723933401,-1.5392473255004493,-0.679748374420378,-0.4681981693540267,-0.906930163366444,-0.7154002531423136,-0.42711452233255875,-0.7012536371722401,-1.4417520749712467,-0.8007638051134609,0.24580535766792985,-1.5661741121694819,0.2074665390911633,0.10640774746900171,-0.4147104388187782,-0.20176588923838293,0.1309919668600348,-0.14445310973935643,-0.9781470429335802,-0.4941505390751944
-0.06843027619886242,0.37505080571139066,-0.0841564779027845,-0.19690498047002666,-0.022497333446251728,-0.023222559456983854,-0.6404157550442128,-0.6377666382586284,-0.7162280385106227,0.6061618510202404,-0.4825157395858027,-0.29703959109363,-0.3924801262945029,-0.39329493149279404,-0.2452416753707956,-0.20086801328810772,-0.18701660419092425,-0.434058523509314,-0.7410914378243594,-0.07454561901117518,-0.23791183497093765,-0.10980816573674039,-0.22780270854164317,-0.32951904064830334,-0.23367752639927106,-0.2971464661864325,-0.6235153570308732,-0.6789964509086476,-1.1001160252817792,0.07992448083411499
-1.8055200336995088,1.5361577830309245,-1.802652933701385,-1.358397351826825,-1.0657277191747565,-1.0597751601353174,-1.10263386641566,-1.2509372078954328,0.2092049248890686,1.473380801744577,-0.0841729648800571,0.4564187687117341,-0.17559520574937768,-0.48884457466193054,1.8522481904131183,-0.8620639300580211,-0.9982001389976093,-1.868332768118185,1.0781952753046598,1.1487750825394065,-1.4779302004782158,0.9078337243527292,-1.4859794738945593,-1.116366000273394,-0.26815998590774953,-1.067232600874376,-1.2790084705941414,-1.7229191813804872,0.2896432242913567,0.895359135832997
0.16352113255387013,-1.2538925946199806,0.26332605503567397,0.007071389179578807,0.49347877625189984,1.575985338232335,0.71465534586362,0.37969790764355726,1.0087790052664023,1.6491487967825083,0.5508389323566333,0.5453813220381505,1.0250922269800058,0.23882117520151866,0.9673593504627845,1.4878531841821065,0.6390567239888855,0.6326641488689206,0.7789016996534062,0.6150439606896569,0.05480972795644594,-1.1670341812105651,0.21944917495166702,-0.11414513386031894,-0.026782769348406215,0.7257942181288909,0.2533316401975511,-0.03312168632891915,-0.10718543658799362,0.4836943376662032
1.4420825564103958,-0.14126607564364202,1.385139486818058,1.425751357051097,0.648553563319651,0.4635778886171487,0.5554858769260556,1.076988542764516,0.38318632200821096,-0.4498987472655079,1.2340891220837071,-0.031967493427164324,1.04698926222735,1.512416293322798,-0.1924912229147398,-0.12720634647137305,-0.08464927475069245,0.566181952341415,-0.2679723357031635,-0.44494305721362765,2.0644159188338023,0.4493176053172794,1.8970181954222218,2.271397691076576,1.3180331514822148,0.6464170936889035,0.5675113460448692,1.4660398097321745,1.112504386893992,-0.03173254661386445
0.43790267705405383,0.9810565350013354,0.7559699301365891,0.3429314985325052,1.043289384946652,4.074503300636919,2.8778561599284735,2.313165258925502,2.522787333388297,2.6630831813814813,3.3614731932416397,2.257456582993472,3.801323481554025,2.3766844224908668,1.753341092058014,1.9006883467147013,1.5553994244932632,2.9183853818621994,0.36590270443158823,0.8385532119964848,0.758587102654198,1.0265861005057952,1.1061642286289601,0.6301985174600118,0.8007962588550531,1.709686478324543,1.663332077651727,2.0318474547359036,0.66585740928087,1.037468079857699
-0.5012176608228631,-1.668400513454303,-0.5295098307694712,-0.5296181893094247,-0.4278064360096912,-0.7804025335096405,-0.731906867110687,-0.5658116283983364,-0.4608085406123082,-0.6721508401647102,-1.0681587593518662,-1.2979590941314543,-1.0726437497155858,-0.7333604328723967,-1.1080412633551564,-0.8908139686738062,-0.7273299812181839,-0.9597427489089454,-1.2129035810999167,-0.9091545791585781,-0.5368615162584786,-1.013645695346188,-0.5857839548741991,-0.5504290926356473,-0.1129889181196,-0.27346135647450065,-0.42643899609028263,-0.09107503002202344,0.37897261981398067,-0.4276074621112469
1.0969841189977931,0.3653547140427517,1.0684985988149656,0.9671621276705681,0.5287230460400251,0.5359136981703326,0.40258292251359196,1.0329872777420352,0.6608162110281176,-0.2930149169837188,0.20224189678159554,-0.6124027648242124,0.12105748605393069,0.24746385649319932,0.062359400513579015,0.1289603455927936,-0.21989823122324106,0.4743732047558126,-0.8404203100928977,-0.1728448382314023,1.0139399554206383,-0.0009518209297630895,0.9384073265819047,0.8498584721442745,0.7059694952067398,0.7898080281611389,0.29236608849979356,1.2876045146770898,0.29307897027299573,0.08612764902566937
-0.9085469639983932,-1.5011429321702778,-0.9510123115528083,-0.8205634458783567,-1.4766759049042957,-1.2865576981939495,-1.0639068066505362,-1.0804193643847841,-1.3751363084512034,-0.7665716639454165,-0.44558329689785287,-0.815564187624743,-0.5322040654918433,-0.5032490434813984,-0.29667336651544984,-1.0576521468743953,-0.9412776997482682,-1.302284351969711,-0.548968487515476,-0.42363866369441505,-0.796366447931691,-1.190124921018106,-0.8598867501832275,-0.7199065698676516,-0.6345361181853225,-1.0701772361358595,-1.1907525350424857,-1.1200518981730099,-0.26007613277094704,-0.37516249467355944
-1.3263423673249615,2.1154992602321117,-1.3387945938734784,-1.093771626825584,-1.048105584280694,-1.0415934566530305,-1.10263386641566,-1.2509372078954328,-0.2646167523715736,-0.30754119756536635,0.5180519679295755,3.1162175569403083,0.4114538820722835,-0.24949031777844036,1.4994795396132459,-0.7769682134667485,-0.9982001389976093,-1.868332768118185,1.237644254472577,-0.17732997370913123,-1.1845858257148165,1.4554141255029787,-1.2064844924483042,-0.9688545185098159,-1.0569462471641713,-1.1428969243324931,-1.2790084705941414,-1.7229191813804872,-0.7118767293565273,-0.7789323515056477
0.4718467856520145,0.910759870403702,0.5709200605243923,0.3689649482353301,1.3675366669974038,1.4117635003278082,1.5706612299924119,1.202521563563946,1.04579632380239,1.5402016924201545,0.5726969086413385,-0.2516505332740295,0.40102672243069093,0.45920954813937626,0.54634480179789,0.7908159190804684,0.84751383121263,0.3319113550540152,-0.734556643596166,0.8168750571874615,0.8291724440693118,0.8385615049301071,0.704745927302078,0.7123477688053458,2.3137141697895025,1.5515723675448903,2.2226671600314223,1.379109794192518,0.6607037903084115,2.3514118877051366
0.21443729545081133,0.25627368277056184,0.17696944921664906,0.0780196916663979,-0.016153364884389704,-0.38196907440318195,-0.2473799640298803,0.030534928141636986,-1.2085583750392588,-0.7593085236545927,-0.6321298186380081,0.7723266111361516,-0.6427319576927244,-0.4240244649743254,-0.5363582348626529,-0.6411888723941108,-0.3303308654072487,0.0042491007398819634,-0.12812773921982631,-0.7424570439029841,-0.03861204744591037,0.5053951162784495,-0.08610803949118369,-0.15986297808728747,-0.4405722834501365,-0.712596093295722,-0.46975771310862496,-0.17190469359398472,-0.8939712663834153,-0.987584372494297
-0.17026260199274482,-0.06369734229452903,-0.15283054062553314,-0.2732888383893036,0.6908466870654004,0.22897526303925334,-0.027299973908334295,0.14183224555144103,-0.027705913741251996,-0.27848863640207216,-0.7026029490731779,0.22039566804981303,-0.6860046702053336,-0.4852434574570636,-0.5274565960106935,-0.31905650855376394,0.02671397151913543,0.2955044379080005,-0.9698092358111253,-0.49876468294637555,-0.2898128213055801,0.2942797808952206,-0.2829228334999615,-0.35344947473585714,0.4732128935245173,0.04404714128544957,0.35758217895597927,0.4930336708847914,-0.383762988109965,-0.37459857029250926
0.17766451113635404,1.5191896226108068,0.11857593480568912,0.04283162228785462,-0.9409630041247928,-0.6030820490103481,-0.5881530239048708,-0.46745585952455615,0.09815296928110553,-0.8580872316097935,-0.36531176330057397,0.3166204706273654,-0.3398229701044605,-0.2903029794335992,-0.7473600446868757,-0.7505819447562764,-0.3942328953002418,0.14037931267715473,-0.24444707648166714,-0.43821535399703426,0.06518992522337458,1.1337931067550908,0.018740024288225986,-0.08342845727032461,-1.1129802438654475,-0.7202777504995919,-0.5121243704122785,-0.05294783022392846,-0.287562100624062,-0.7862633684593031
1.1875017419256888,-0.13884205272648273,1.1013963534126894,1.1082004870496078,-0.7203338752511299,-0.35792230528144753,-0.07881072330466427,0.25390605587340653,-0.7125263066570243,-1.228507386441797,-0.5364069569774033,-1.3342703403871345,-0.5275118436531266,-0.25405173290460514,-1.3767388805531897,-0.8901543119560443,-0.56019205060486,-0.8047759146222128,-1.2913211118382366,-1.0134339790157771,1.0616888628485095,0.1557353420499768,0.9713595751982905,0.9587955228413477,-0.36298674955606236,-0.03597012125486052,0.40518516469042143,0.6729940539317992,0.5438884269326716,-0.7964140073182103
-0.08823100621433916,-0.8151444466140608,-0.05701583035966186,-0.1989075535240899,0.3243062812688992,0.4889931730547539,-0.12643623369543158,0.061076982686653,-0.5607553006594752,0.4289412279241451,-0.4572660083603676,-1.07137691749601,-0.45452172616197867,-0.38777321844533136,-0.7664820837021958,-0.2596874039552017,-0.45255125267831325,-0.4111063366129132,-1.0939703261467983,-0.24983966393241663,0.07764616194368851,-0.7514008646748338,0.10561413427687946,-0.108430403331948,0.3999376670690023,0.6662613747989004,0.04387850296600552,0.38627751145012545,-0.5160392084030815,1.0994997617732427
-0.06843027619886242,-0.7133354840933497,-0.13555921946172803,-0.171443694496934,-0.6110766389079423,-0.9397368167146277,-0.9143877700816271,-0.7104981410310818,-1.441767481815981,-0.5632037358023563,-0.5492202534201612,0.2766780997461172,-0.5692204822194968,-0.4504326578100164,-0.4628372917520253,-0.9584287822443909,-0.835218942367616,-0.9119388837867869,-0.6705156601598714,-0.6396726892050281,-0.22545559825062372,0.027086934550821663,-0.3005972213942049,-0.3191610915656309,-0.7121216520793967,-0.9558485714182645,-1.0274266909876146,-0.8755802930676251,-0.9059963773191533,-0.6977272406343898
-0.9368337211633604,-2.288950380247206,-0.947722536093036,-0.8468829774460477,-0.011219167114052141,-0.8920342828471223,-0.7854229011550492,-0.811442219612067,-1.6009419515207277,0.18780497026880275,-0.8563625063862755,-1.4600888086630663,-0.8877702092701497,-0.6727416265904697,0.2529204100110803,-0.8552474773078157,-0.6572859115587768,-1.0224259627777361,-1.0495337253950838,-0.6273385666412733,-0.954145446389004,-2.2094161496652567,-0.9919953105452836,-0.8199143541141451,0.5076953530329945,-0.7964541844379669,-0.7806052099545321,-1.020921178697963,-1.373257830822111,-0.36726755333885375
1.1139561732967742,-0.7278796215963089,1.1671918626081375,1.0080718343464354,0.7331398108111509,2.1820421209752308,1.0079282256383453,1.544437275885693,1.2530933076039206,0.5843724301477701,2.1879259837490266,-1.1984662793908907,1.8154709278127221,2.2878568647708155,0.2961098429594756,1.8149329734056667,0.44673022625269254,1.4082897750231493,0.6978702512238087,1.2167996372849632,1.2859011238141653,-1.0730218834227212,1.2978864023970236,1.315966180864539,0.6887282654525005,2.005430280673529,0.5232405693118379,1.4828157776433362,1.4801292069294067,1.5393607789925565
-0.8632881525344454,-1.0163383487383222,-0.8358701704607749,-0.8002516334728562,0.5075764841671503,-0.23495142904103436,-0.4262262885762619,-0.38618293471832704,-0.13875786934921508,0.9242873957583152,-0.9042239372165781,-0.70463333031364,-0.7683792313739148,-0.6890666912525332,0.12335211116589348,-0.36303362307121756,-0.1426574281001571,-0.26959423257579485,0.3802792517336138,-0.32945081866210624,-0.8877121838806615,-0.9097373662122554,-0.8092601136725979,-0.7734821685711303,0.4301098191389204,-0.18640257483064332,-0.18461582855931669,-0.08344959006240445,0.707086361060543,0.4115120168917522
-0.6681095280961705,-0.38609239027678005,-0.6549325201732934,-0.6600715196884149,0.7895306424721517,-0.11452208124438153,-0.44063927198399405,-0.10172769789652544,-0.7976661392897958,0.5901829423804287,0.14458206278918398,1.2643439979006186,0.166936988476938,-0.21227877332814848,-0.14996117062204498,-0.39711588682224397,-0.45937574130766207,0.21477605641031544,-0.2901906360790203,-0.5533338312587449,-0.5596979502457211,0.42292818839437574,-0.5468403883275613,-0.5729308440911084,0.13269860587830132,-0.4142917385454462,-0.6287516854616618,-0.1825803095374512,-0.7067231103840683,-0.3345599392379306
-0.3145250635340784,1.4488929580131726,-0.37859138155241295,-0.38171386517359585,-0.8747037769231178,-1.0216522334789093,-0.9514855360702248,-0.7948770374859565,-0.5422466413914813,-1.193644313045844,-0.5198250439338339,0.03883943677141191,-0.6109291207858671,-0.4396293061954155,-0.32568611536628034,-0.9015333903374355,-0.8219732303461073,-0.8654013462175332,-1.1005051203749918,-0.8538379082665872,-0.38531063616132244,1.0661702258901504,-0.47075065061336097,-0.4368488233842724,-0.43195166857301687,-0.9014368328908536,-1.0666039482470606,-0.8199145813624065,-1.0021972648050563,-1.161273081857821
0.5425636785644334,-0.8830170882945345,0.5750322798491075,0.399289625911148,-0.08382236287759015,0.666900164117991,0.4063428312286525,0.571491656947429,-0.11654747822762286,-0.4281093263930375,-0.23717879887299242,-0.8406189475411623,-0.10416916220446862,-0.1496193339634634,-0.3965695358541054,0.3889750351772373,0.15420782727651508,0.4411321064920599,-0.7711514912740485,-0.25320351554071335,0.5322988022351568,-0.5666749462145085,0.5250063893945182,0.3516054042019225,0.5033850455944341,1.2654306367007415,1.0801955024048109,1.2982801306205565,0.22264617764938824,0.4363246896579697
-0.46444487650840527,-0.44669296320577456,-0.46741531896626726,-0.4964326929849447,-0.48067284069187893,-0.521753138810011,-0.6503168479938725,-0.6377666382586284,-1.0641908327489062,-0.32642536232150743,-0.9302273917621755,-0.7799791662941763,-0.821557745546037,-0.6624184239365177,-1.0701268756523663,-0.6411888723941108,-0.5806655164929064,-0.7451002286915711,-0.6809713309249807,-0.8437463534416969,-0.44343974085612187,-0.17743104660168085,-0.4180270528271438,-0.4747089131347308,-0.18195383713655575,0.003078302864810731,-0.3136199198996548,-0.11700152588472791,0.25013214550250323,-0.3886966798187693
1.538257530771285,2.3312372998593323,1.7182292521200118,1.5830963827275106,-0.24665088929872778,2.01977530495052,1.1332585161403648,1.7100890971467968,0.2943447575218401,-0.05623654350286991,1.6678568928370783,-0.021074119550460253,2.2570611386341675,1.6060453406493387,-0.22611963635547547,1.2245402110088537,0.20011802351031582,0.5361066729599246,-0.1581877926695157,0.543281793045993,1.8381276184147612,1.790229852712318,2.151649207457931,1.8802958205411815,-0.1604022999437573,1.8101881600751726,0.7445944529769938,1.2372766109436046,-0.1226462935053711,0.9585186665106427
-0.8887462339829159,-0.473357215294532,-0.8260008440814574,-0.8071175982296451,-0.48983635083679183,0.1625045191255164,0.08261469086193665,-0.3157809106823579,-1.201154911332061,0.5364357042283349,-0.5375375419576465,0.30028040981230913,-0.011888799376374421,-0.5126119482140525,0.5021662978659432,1.1547265417123962,0.9964117649438762,0.9302511238015636,-0.7071105078377541,0.44012367705822647,-0.796366447931691,0.23985160849173223,-0.4983107130925202,-0.7084771088109094,0.31373151829780854,1.0119359489730397,0.9959382176548484,0.6485926460610186,-0.6002149849532469,0.6664058371265339
-0.07408762763185578,-0.9630098445608072,-0.11623178863556531,-0.1894668519835052,-0.06620022798352757,-0.5104140119070795,-0.5412794952571155,-0.29041547555175157,1.0976205697527721,-0.606782577547298,-0.5733393996653531,-0.5285237859735911,-0.5207341898860914,-0.48236256369317004,-0.9253928217260634,-0.5477375040445221,-0.5462328693175557,-0.2173582210184692,-0.6914270016900901,-0.824310766371538,-0.2524441111446376,-0.6062590715988643,-0.251767980262651,-0.3627359118444602,-0.574191814045487,-0.49750969158736874,-0.5859089983006638,-0.19889875105103585,0.1127023062369273,-0.8110760412255206
-0.7077109881271251,-0.7593919195193858,-0.6726150632695702,-0.7021255538237473,0.8952634518365262,0.27003072251538507,-0.2131647947228289,-0.08697433256545836,0.2684326345466485,0.07159472561562606,-0.5820072178472189,-0.8654921512263033,-0.6057155409650709,-0.5668687807673812,-0.3817334711008395,-0.29267023984329193,-0.18205333973321602,0.19578114311674244,-0.2732001710857179,-0.6789176246351567,-0.7382373432368912,-0.9476721530389288,-0.7442543141293638,-0.7097272061139906,0.41717889682324033,-0.21200809884354255,-0.18318773898728344,-0.03769695030469047,-0.1759003562207816,-0.5206549849845632
0.28515418836322975,-0.5994064069868403,0.28635448325408075,0.18015091742363376,-0.5173268812715286,-0.1389598547420787,-0.15639017312541426,-0.19516567832661683,-0.8124730667041913,-0.41358304581139094,-0.48590749452653287,-1.540518219119398,-0.44565864046662507,-0.3135902040250721,-0.5175658861751828,-0.33994563794955446,-0.3656941246684197,-0.5608495697439134,-0.6979617959182833,-0.3429062250952932,0.32677089634997225,-0.8536598552510853,0.32729289769620296,0.20784421434758796,0.7447622621537775,0.531192235630857,0.3047428647907485,0.18649098450810792,0.9029238820139889,0.7837021083850175
0.4718467856520145,-0.30609963401050694,0.48456345470536677,0.36438763839747074,0.07054753879439876,0.5124534356125435,0.1449038452414403,0.4589001846840223,0.10555643298830328,-0.2741307522275777,0.3985868216838601,-0.40978601071751686,0.3833005510399837,0.3518962554343409,-0.4189884781479289,0.837541603255263,-0.13242069515613392,0.16095713541185874,-0.0640867557835317,0.12915428393568307,0.8769213514971829,0.3074744893566727,0.8904767831398891,0.7605658076384766,0.33528305549060694,1.9894268281654666,0.6084499137764895,1.037490084001587,1.5505619995530142,1.2010061503623155
-0.5097036879723531,-0.6381907736613969,-0.5192292824576825,-0.5227522245526358,-0.30868080412582843,-0.678350391383256,-0.680020126842851,-0.6628732424185144,-0.34605485315074674,-0.5181722659992504,-0.563540996503244,-0.33698196197487823,-0.567656408273258,-0.47588055272440954,-0.7213145087866981,-0.39491703109637116,-0.4317675827616602,-0.6075453982572803,-0.8770151577707802,-0.5585664893160954,-0.43305954358919363,-0.36380630361968724,-0.5111920466425621,-0.46792267063229,-0.6129845809925241,-0.4213332576489936,-0.46832962353659174,-0.40219298037447826,-0.4662208916693109,-0.41802074763338987
-0.11368908766280976,0.4065631036344675,-0.06647393480650764,-0.21664462914579485,1.607197701556655,1.2025761591875184,0.07120963442625279,0.2981661518666078,1.415969509162266,1.7145170593999215,0.6914083315668917,0.3020959721250933,0.535537081807235,0.2750724217305126,0.5812919765500271,0.2702368259801129,-0.22641251582398314,0.42372010263961796,-0.746319273206914,0.603083599415713,0.17937209515958744,0.4493176053172794,0.11460111117225735,0.042652785011861975,1.4473423746390053,0.7558807088440477,-0.004200512625781027,0.6501177340529423,0.5267096970244746,1.7818482628442296
3.7644253196542174,1.7252315705693875,3.910042152193365,5.284995714096223,0.8670680360060262,1.8731486639643353,3.4531221933327423,3.120717887573383,0.9162357089264331,-0.9408870309251826,8.09108702725972,0.17319104791742873,8.248507068693252,12.068491193189464,0.20049964788287486,1.5593159952729687,1.500493311429866,2.244065959940359,-0.4705509567771562,0.28389145791733333,4.119694977685644,0.9820539594483955,4.3264976161394,6.037762279931129,0.1671810653867786,1.123319978429151,1.97370354464029,2.280436797419483,-0.42670981288045745,-0.5206549849845632
-0.22966479203917603,0.5859407995042917,-0.2704400133123959,-0.3076186621732484,-0.7245631876257053,-0.7674993891028564,-0.6835293749769076,-0.6235309348690022,0.005609672941136308,-0.834845182679159,-0.5198250439338339,0.5962170667961028,-0.4175053094343251,-0.44467087028222924,-0.5089939376510738,-0.27068168258456515,-0.4413839076484698,-0.8554290167384072,-0.2980323891528524,-0.6886354181702362,-0.41437518850872235,0.6241474924315153,-0.4144322620689925,-0.4498855524021188,-0.7681556487806724,-0.5339975633057502,-0.7020602834927027,-0.866734782714467,-0.43358130484373647,-0.9543128340123229
1.0092951717863947,0.38474689738002954,1.052049721516104,0.8870592055080302,1.0855825086924025,1.2416765967838344,1.2222430223967984,1.4771412234983694,0.5830798421025438,-0.15210999534174138,1.5498991932316872,0.3438539053191254,1.4135039236293288,1.3061923147240837,0.6577801326113076,1.3284361440563377,0.6167220339291986,1.045803513004132,-0.36468729028042424,0.4371335867397404,0.8873015487641108,-0.050431977660207426,0.7826330603953536,0.7659233675088244,0.4301098191389204,0.6380952983847111,0.42660650827092045,0.5875891263840666,-0.7324912052463638,-0.345274502477888
-0.12783246624529365,-0.0055207922826947175,-0.09690435780940258,-0.22408275763231628,-0.3897426246385161,0.22897526303925334,0.10768074896234055,-0.005442576788508863,0.12776682410989548,-0.130320574469271,-0.6619018897844168,-0.5730050626367993,-0.5342894974201617,-0.4835629360947924,-1.0094638553279023,0.1492997610571158,0.1399384419606039,0.14829385988281008,-0.6221581828712408,0.05888716145126231,-0.21922747989046637,0.013892226089370152,-0.16099951361933346,-0.29344480418796115,-0.7379834967107549,0.4262095871779701,0.4632608072864408,0.42287962325629636,-0.24976889482602904,0.2756062410586047
0.21160861973431466,-0.5363818111406857,0.12638915152264846,0.057421797396031225,-0.48349238227492886,-0.6304523553277692,-0.6832787143959035,-0.5062805051326272,-0.890209435629765,-0.8246767862720058,-0.36644234828081723,-0.9845930389449342,-0.6343902299794504,-0.3740889730668369,-0.4239338330656842,-0.4795729765424691,-0.5449920532031287,-0.5575254599175381,-0.661366948240401,-0.6093980247303574,0.02366913615566001,-0.8041796985206411,-0.13403858293319978,-0.17075668315699485,-0.43195166857301687,-0.6088937210434803,-0.6982520446339473,-0.5072715430180278,-0.6259830798155424,-0.859009613614805
-0.2720949277866272,-0.9242254778862508,-0.26756145978509477,-0.3282165564436154,-0.15924510022417707,-0.35205723964200025,0.06206052321960545,-0.34942893687601967,0.0315217959163279,-0.09255224495698788,-0.4862843561866139,-0.7587370872346035,-0.5264691276889674,-0.4012173893435014,0.5084304140950999,-0.2860736726656738,-0.053008463832802624,-0.3588703250555878,0.9305089257474909,-0.1193969737884652,-0.29604093966573747,-0.8107770527513668,-0.272737593018533,-0.3496991828266138,0.6887282654525005,-0.1569562222158093,0.15336537015522253,-0.24022863563217084,1.6484807600297375,0.15943781856222222
-0.546476472286811,0.3314183932025147,-0.6002400031545776,-0.557654212066313,-1.1256429778145685,-1.223996998039844,-0.803971784149348,-0.7928063897201927,-0.2757219479323697,-0.862445115784288,-0.7824976210103758,0.6543150608051911,-0.8580528042916108,-0.5959177928866414,-0.6468044946925193,-1.0596311170276809,-0.6665920324169797,-0.7924292209813903,-0.7972906681868218,-0.8471102050499938,-0.5929145814998923,1.2245067274275725,-0.6648693515535253,-0.5809671838966302,-0.8414308752361873,-1.0338173920375426,-0.7339542839347789,-0.589626294581913,-0.335662544367014,-0.8302494701812347
-0.3314971178330589,-0.7230315757619886,-0.3551517314015344,-0.41776018014673794,0.18967317067826153,-0.28597750010422657,-0.6895452289210043,-0.6323311878734984,-0.2905288753467652,-0.10272064136414098,-0.9581151546081785,-0.5548494395089592,-0.9547647099673818,-0.6756225203543632,-1.3698153836683327,-0.6884642705003733,-0.4978410408549007,-0.7115425485395921,-0.24444707648166714,-0.6826552375332642,-0.4849605299238361,-0.3951437362156354,-0.5117911784355872,-0.521855439993792,-0.6302258107467628,-0.34771737611190834,-0.41739442880073874,-0.4436753737548056,0.700214869097264,-0.2911377618970492
-0.5973926351837521,-0.8490807674542975,-0.6113429953313092,-0.6017108192557088,0.07971104893931068,-0.6126616562214454,-0.5823878305417779,-0.7687351094431886,0.9828668822912108,-0.4397303508583558,-0.6517266249622264,0.08059736996544398,-0.7235424449150668,-0.5603867697986207,-0.3537097932335599,-0.39876502861664836,-0.37562065358383606,-0.7560223038353755,-0.11113727422652346,-0.44531681850343846,-0.5244052795381643,-0.08506808737151851,-0.5690082646694935,-0.5450715327652994,0.2533872141579724,-0.3189111615973967,-0.19984878399433806,-0.5589720259442447,0.841080454344479,-0.2403845676025131
0.24838140404877246,0.7168380370309195,0.23495174169513722,0.11463817036927253,-0.7717905091417923,-0.009537406298273451,-0.24299340386230958,-0.2477083653828731,0.4831330820553769,-0.5196248940574145,-0.30689820598800005,0.2276579173009491,-0.27048235848786994,-0.26389478659790816,-0.8548390915660891,0.14875004712564763,0.029195603747989428,0.02482692347458598,-0.19739655803867534,0.08093907755009652,0.11709091155801706,1.011742053486662,0.10261847531175364,-0.01074422836260509,-1.0397050174099325,0.5401541690353718,0.20334850517638683,0.2718959120558405,0.47001988832742514,0.5079430860513704
-1.4776765181575369,-1.093907082087435,-1.358122024699641,-1.1718719759340583,0.12200417268506109,0.9797036648885182,-0.024041386355281837,-0.5075746599862297,0.3276603442042294,3.935585360333774,0.4754666003404089,-0.6507111296239549,0.17684279013645102,-0.33759765205751846,3.352339182132202,3.754873437556834,0.7609669072313434,0.927085304919301,0.6325223089418756,6.776872584509667,-1.341742012336114,-1.6074075761115187,-1.3245134556742684,-1.0513609405131732,-0.4793650503971736,-0.04173136415776275,-0.5963816551622412,-0.9930120684457575,-1.0915266603276808,1.40401892754046
-0.42201474076095463,1.1677062996226382,-0.43040534504382827,-0.44980134901175317,-1.203180371348444,-0.5414988597961506,-0.42108774666567905,-0.7239573515085465,-1.1086116149920917,-0.36564631989195473,-0.5846452494677867,-0.26254390715073356,-0.7214570129867482,-0.5039692669223718,-0.6174620555138385,-0.1338029136489912,-0.06262478871961231,-0.4926261728311638,-0.9044612935291921,-0.14630778665483915,-0.41437518850872235,0.9721579281023063,-0.48243372057735234,-0.4448851631897942,-0.39315890162597983,0.6099292219705219,0.5827443014798906,0.07668464908959427,-0.10890330957881313,0.6962938293222054
-0.6426514466476999,-0.10975377772056515,-0.5710432459490973,-0.6094350296070963,1.043289384946652,0.9503783366912812,0.4238890718989353,0.09032488237806661,1.8046513537901367,2.2200316236412427,0.3107780548849586,-0.32790415041095794,0.33689969063489683,0.035958239327346854,-0.49152035027500535,0.4818766895953576,0.30620780129382874,-0.21577531157733817,0.28225733831071403,0.698392728317454,0.12954714827833097,0.44601892820191646,0.37821910010334486,0.027830202703899614,1.3740671481834916,2.095689752818999,2.032255217093654,0.6348668541337043,3.215180927657302,3.1972984592807396
-0.7275117181426023,-1.142387540430631,-0.7059240397997651,-0.7172878926616563,0.263686137233324,0.17618967228422705,-0.25828369930355594,-0.5795296698465215,0.01671486850193241,0.7427088884877253,-0.45839659334061106,1.0119808364236411,-0.6260485022661764,-0.44755176404612285,1.6841061232094408,0.8655770137601394,0.7243628318557453,0.49653393693164766,-0.28365584185082726,0.640459728396788,-0.8171268424655478,-0.9460228144812477,-0.8386175715308327,-0.7416939800070662,0.11545737612406329,-0.2452952800603116,-0.4235828169462162,-0.6678633085676038,-0.9626861860162033,-0.12196044758192909
-0.6652808523796738,-0.24549906108151245,-0.6915312721632613,-0.6366128067693859,0.25240797090112443,-0.8572348933864012,-0.7661220364177382,-0.3411463458129645,-0.719929770364222,0.02365799969618881,0.9231782525167816,1.6238253358318524,0.6825600327536901,0.23065864287048682,-0.47668428552173975,-0.8423841713114606,-0.6036206146098068,0.39839355158152057,-0.629999935945073,-0.3888788637420153,-0.588762502593121,-0.33411820958142074,-0.6492919249348703,-0.5706092348139575,-0.7810865710963518,-1.0906616553461788,-0.9876781978993555,-0.6309561791630479,-1.565659605793917,-0.8093842680823693
-0.5973926351837521,2.2003400623327045,-0.6187449901157973,-0.6039994741746384,-0.8267715700112677,-0.7524457206282746,-0.5944195384299717,-0.7475109698441097,-0.7347366977786165,-0.24217293494795422,-0.7870199609313492,0.8976004107182486,-0.6844405962590947,-0.6156039002732473,0.09631750428216508,0.028362696134118636,-0.08589009086511956,-0.4174379743774375,-0.40781693218650017,0.1882085677257815,-0.6448155678345349,2.0557733604990354,-0.6501906226244081,-0.6240062481884245,-0.4750547429586138,-0.4130114623448014,-0.4169183989433942,-0.6376665663275126,-0.7599771730994789,-0.08812498471890474
0.13240569967240617,-1.3314613279690934,0.10171583557435578,0.014795599530966187,0.15654355707742404,-0.26994632068973706,-0.0721682179080572,-0.12528131623208866,-0.2757219479323697,-0.9161923539363829,0.062049359231418175,-1.065567118095101,-0.13962150498588335,-0.057430733518869494,-0.6886751663295136,-0.39876502861664836,-0.05673091217608384,-0.4994326834280276,-0.677050454388065,-0.5671629989817426,0.11709091155801706,-1.3484614225555276,0.051692272904611716,-0.01985208014219651,-0.4104001313802184,-0.3669215191215828,-0.0927420660918433,-0.32197335199928645,-0.452477907742753,-0.7343823254026659
-0.8095433139210074,-1.0599707612471985,-0.8403936117179619,-0.7541924532293969,-0.919111556856156,-1.1418860790875807,-1.0904304560294786,-1.1748150194065412,-0.14986306491001117,-0.27558338028574186,-0.6995880557925289,-0.38945171281433594,-0.6776629424920596,-0.5865548881539873,-0.46976078863688264,-1.0032304676590469,-0.9679955727321687,-1.4027991014815344,-0.4666300802402399,-0.6609770827242406,-0.7133248697962629,-0.5534802377530571,-0.7397608256816751,-0.6793677001820193,-0.656087655378121,-0.9741565210874875,-1.2527411430658761,-1.4686870131267902,-0.12779991247783057,-0.5257303044140172
-0.3541265235650328,-0.2794353819217495,-0.3547405094690632,-0.4214792443899986,0.22844186744519884,-0.1471709466373051,-0.6152243666533069,-0.651743510677534,-0.3534583168579435,-0.39760413717157816,-0.5070117474910757,-0.2098926000799974,-0.5478448049542322,-0.45979556254267046,-0.5765804548603953,-0.4817718322683419,-0.35576759575300326,-0.5736711362170751,-0.40389605564958436,-0.35524034765904794,-0.40607103069517936,-0.09826279583297003,-0.4461862470993281,-0.4482782844410145,-0.12591984043528,-0.2305721037528944,-0.45500078753094797,-0.514134438981685,-0.18964334014733955,-0.24376811388881575
-0.19006333200822206,0.5883648224214509,-0.2317851516600699,-0.2592708270108596,-1.0206150538459562,-0.8343611373925564,-0.71285666295438,-0.7252515063621487,-0.10914401452042512,-0.9931816410191122,-0.6087643957129786,-0.6973710810625039,-0.6552445492626355,-0.45547422189683007,-1.240247084823146,-0.7890619199590482,-0.5670165392342088,-0.7791327816758893,-0.8848569108446123,-0.9390554823434379,-0.05522036307299635,0.7973280409880702,-0.12804726500294772,-0.15218380893978894,-0.9664297909544183,-0.29330563758449746,-0.28648621803102287,-0.027021334361224,0.17969935287889577,-0.6791177360597267
-0.2466368463381566,0.23688149943328318,-0.20341083831953316,-0.31677328184896714,-0.9346190355629308,0.3775569259052538,0.16320206765473516,-0.5176690678443282,-0.7865609437289997,0.23428906813007383,-0.4485981901785017,-0.7209733911286961,0.2816357445344563,-0.3767297923504061,-0.6965877341979219,2.264598969346629,1.3850974127881501,0.2970873473491315,-0.6940409193813676,1.6200880689907615,-0.15694629628889564,0.013892226089370152,0.2464101056378011,-0.24933422792209695,-0.5052268950285318,2.0131119378773987,1.841843274155885,0.3466252236601064,-0.0762637227532396,2.334494156273624
-0.13914716911128086,0.988328603752815,-0.19025173648044388,-0.23009047679450637,-0.2565192848394029,-0.6943815707977455,-0.7299015824626546,-0.6186131464253133,-0.5533518369522774,-0.6823192365718633,-0.20363811112577274,0.2276579173009491,-0.3976937061152993,-0.19835445346932964,-0.3870085163464452,-0.2409971302852839,-0.3712777971833414,-0.43358365067697474,0.039162993021922575,-0.4542870894588965,-0.1756306513693669,0.6060047682970192,-0.2754336860871465,-0.25594188509552607,-0.4405722834501365,-0.630018278354122,-0.7796531502398434,-0.6288210559743546,-0.42499193988963796,-0.7879551416024545
-0.7614558267405629,0.29748207236227764,-0.5854360135856018,-0.7653496459591789,3.2707272355561603,3.536872283687575,1.9228393463030864,1.4719646040839602,2.900363982455371,5.0453931967716175,0.36014693235558554,-0.09914329900017294,0.32125895117250786,-0.2946243200794395,0.6818475265443831,2.7049198284526317,0.7578648669452757,1.08695915847354,5.1049354787173815,2.021881455537317,-0.26697638731833756,0.17882608185751753,-0.23678968543702106,-0.5454287034233225,3.3611188773595053,3.944408586550321,1.9908406195046888,2.204182397823293,6.439628531425873,5.04697042912606
1.8324398052869453,0.5059480432380185,1.8909424637580627,1.906368890026324,0.8741168899636516,1.2006211373077023,1.6395928897685226,1.6505579738810876,0.12776682410989548,-0.0707628240845175,0.7174117861124892,0.009790439766867736,0.7180123755351051,0.8543721427534433,-0.12391563472186745,0.13940491029068877,0.26184862520306185,0.4727902953146813,-1.2285870872475808,-0.026704173915399424,1.591078923461863,0.8814443074298257,1.6903177268285283,1.5838441743819327,0.6283839613126656,0.7014689703166368,1.186350160592617,1.4995917455544978,-0.7032873644024289,0.36583414202666936
-0.2353221434721699,-1.3169171904661348,-0.2478228070264603,-0.3199201823624955,-0.8789330892976932,-0.3370035711674185,-0.46633198153690797,-0.5096453077519935,-0.7273332340714187,-0.9830132446119602,-0.8167920320777579,-1.2342328569527354,-0.644817389621043,-0.5819934730278224,-0.9135239699234511,-0.25528969250345646,-0.12094314609768374,-0.527925053368387,-0.7789932443478806,-0.44307425076457396,-0.40607103069517936,-1.327020021305668,-0.3050907098418937,-0.4454209191768289,-0.656087655378121,0.11766302282253485,0.08529310055497037,-0.32395596638878726,-0.263511878752586,-0.5809948937569563
-0.44464414649292855,-0.6866712320045922,-0.4345175643685435,-0.5073038038498606,1.3886832288702786,0.10776390649067423,-0.3596759043196896,-0.4022304549029965,0.4794313502017785,0.49576211859972236,-0.5364069569774033,-0.2098926000799974,-0.6583726971551133,-0.5044494158830207,0.8770242006317892,-0.5334449418263497,-0.1994247653351948,-0.030574906965001737,0.9723316088079282,-0.49278450230940357,-0.5451656740720212,-0.6623365825600344,-0.602260079182392,-0.5734666000781431,1.128379624185589,-0.4802259628786617,-0.37978807007052934,-0.4401676713733807,0.45627690440086716,-0.4580593786879686
-1.0810961827046945,2.050050641468798,-1.0752013351592158,-0.9504446125276146,-0.40877453032410316,-0.516279077546527,-0.35077745369404617,-0.5422580100627732,-0.8161747985577896,-0.20876248961016558,-0.6788606644880671,1.8671106857449093,-0.7256278768433853,-0.6011994314537795,1.6511370904244063,0.10917064405993938,0.4920200144292798,0.8558543800684025,-0.2797349653139114,0.42592074804541774,-1.111924444846317,1.5659198088676365,-1.1145177622189366,-0.920636479676685,0.28355936622789046,-0.5064716249918834,-0.3269487559052986,-0.3309713711516368,-1.139627104070632,-0.03793571480541882
-0.8236866925034914,2.4766786748889196,-0.8695903689234415,-0.7656357278240451,-1.5231983410246204,-1.317838048271002,-1.10263386641566,-1.2509372078954328,-2.789197876525932,-1.1166550259631138,-0.32385698069165053,4.875497438028013,-0.41072765566728997,-0.40073724038285247,0.1820369895232555,-0.9068106440795299,-0.9982001389976093,-1.868332768118185,-0.08891897385066619,-0.7570337342056033,-0.8877121838806615,2.125045579921656,-0.9461617283788558,-0.7741965098871766,-1.6875442254254533,-1.2494159042261541,-1.2790084705941414,-1.7229191813804872,-2.2734232780116326,-1.3789478929432761
-0.3116963878175817,0.743502289119677,-0.40326469750070565,-0.3639767895518912,-2.367651045148099,-1.6345515928011602,-1.082643685080588,-1.2030017121180008,-1.5491177055703447,-1.5059593455512583,-0.8552319214060322,-0.1245611713791491,-0.9008041588221404,-0.6040803252176731,-1.1947498195797979,-1.2710510950703384,-0.9487225964348306,-1.575177939620709,-0.5803354998108039,-1.057799444116313,-0.4558959775764362,0.5944593983932489,-0.5570256288089894,-0.47203013319955683,-2.1797813349089696,-1.3814123805126493,-1.2410355688737769,-1.5817112842082628,-1.0210938677040726,-1.4139112045684008
1.3883377177969576,1.3179957204865447,1.2412118104530159,1.20832913975278,-0.4094794157198664,0.3443215539483852,0.7372147981539837,0.8898537509336129,0.5164486687377662,-0.9321712625761945,0.5632753671393103,-0.9931261818150192,0.11792933816145304,0.4356822490675787,-1.0450704107357398,-0.3822736106726034,0.1526568071334812,0.031158561239110313,-0.1215929449916328,-0.1724710769415915,1.7364016851988617,0.8237174579109738,1.3817648534205518,1.3391822736360466,-0.298332137977667,0.4511749730905469,1.4605433584230036,1.2601529308224615,1.832293170047445,0.5288082881502358
0.04471675246100718,0.8234950453859501,0.08033229508583484,-0.06816814128023371,0.5428207539552755,0.24266041619796402,0.7309482836288828,0.3380261213575609,0.4165019086905993,-0.4193935580440496,-0.7436808700220202,1.1626725083847138,-0.4868459210509156,-0.5032490434813984,-0.3062343860231098,0.02506441254530957,0.44269757388080444,0.15145967876507238,-0.7920628328042671,-0.015865096510887716,-0.1880868880896812,1.4603621411760233,-0.07412540363067997,-0.2586206650307,0.26631813647365243,0.1483896516380137,0.7365019454021386,0.3542506636197254,-0.328791052403735,0.0004111431060085516
-0.7048823124106284,-0.23580296941287354,-0.6347826454821878,-0.70040906263455,1.5085137461499036,0.8858626146573596,0.17573509670493692,0.189198313193288,0.5312555961521617,1.4298019599996363,0.03793021298622652,0.9611450916656888,0.10333131466322344,-0.2797397022993227,2.48855052316429,0.36753619184997866,0.5407220469205416,1.045803513004132,-0.3267854837569032,0.530200147902617,-0.588762502593121,-0.002601159487444821,-0.55822389239504,-0.6161484937119144,1.9904411118975258,0.24120967618477343,0.23762265490518508,0.43660541518361073,-0.394070226054883,0.5186576492913286
2.590524897308071,0.699869876610801,2.4789898271923763,2.9534285154366398,-0.8253617992197423,0.22506521927962192,0.5567391798310757,1.2602408700346117,-0.04621457300924584,-1.0425709949967126,0.9955356912523571,-0.6436304366040974,0.9249914944207172,1.4007816599719223,-0.7028518504270784,0.0036255692180511,-0.12280437026932435,0.7007292548375571,-0.13204861575674212,-0.02184527714785969,2.4526352966169283,0.46251231377873087,2.3194061095049863,2.7321478399264927,-0.38884859418742,0.692507036912122,0.6003574062016341,1.8549372476727428,1.2018337824166159,0.4718519256641446
2.1068213497871286,0.7847106787113935,2.0636556753961126,2.3612390551635922,1.0503382389042775,0.25243552559704296,1.954171918928591,2.3442249754119593,-0.3238444620291535,-0.9408870309251826,2.924313667547538,0.08241293227822818,2.5255604994051755,2.861634872746283,1.0741790166862972,0.19437630343750567,0.6142404017003443,2.016127000417484,-1.2325079637844967,0.16466160646770409,1.921169196550189,0.16233269628070257,1.7771918368171822,2.060667002842893,0.3956273596304419,-0.248495970561924,0.6760461535193972,1.656675808722649,-1.424794020546702,-0.6965993918722887
2.160566188400567,0.44534747030902405,2.281603299606034,2.3955688789475373,-0.14726204849621527,1.8203630732093088,1.6483660101036643,1.5651437535433308,-0.34235312129714734,-0.11143640971312893,2.8903961181402376,0.25670691430549325,3.148061930008252,2.8160207214846356,-0.4466824656873581,1.3317344276451466,0.9650811580545933,0.6025888694874301,-0.17387129881717947,0.30482209014673517,2.490004006777871,0.4559149595480051,2.6698982084247276,2.69821662741429,-0.19919506689079378,1.4235447474803942,1.4852969110049135,1.084767811751225,-0.09687819864307562,0.2863208042985629
-1.018865316941766,0.9543922829125779,-1.0266771471275733,-0.9138261338247402,0.3806971129299001,-0.6846064613986667,-0.789934791613122,-0.7656291377945429,-0.43859814949071496,0.4144149473424975,-0.42674021389379674,-0.12274560906636488,-0.2814308761115421,-0.45475399845585673,1.031319274065752,-0.6016094693284026,-0.4209104417604234,0.11030403329566435,1.8388453234663615,-0.6830289988230749,-1.0932400897658459,-0.1972231092938587,-1.0986407697037688,-0.9115286278970938,-0.7552247264649936,-1.0496928169255402,-1.081075255910331,-1.2463291839043005,-1.1379092310798122,-0.8872058326673252
-1.236107611968715,-0.844232721619978,-1.2466808809998515,-1.0405603999604698,-0.4038403325537656,-1.0967250736638359,-0.9643945559919328,-0.886762032091725,0.9902703459984085,0.05997370115030678,-0.49608275934872303,0.3601939661341817,-0.5624428284524617,-0.554865056751158,2.2280951641625153,-0.8083019075604341,-0.7392728363195442,-0.36900094547882667,-0.3385481133676511,0.1728843548435407,-1.1306087999267884,-0.748102187559471,-1.158853514902801,-0.9249225275729633,0.6413148836283444,-1.0012983765411605,-1.0865495992697918,-0.9361262863469999,-0.08313521471651764,-0.09883954795886216
-0.6539661495136867,-0.6236466361584385,-0.5274537211071136,-0.6340380699855901,0.9164100137094019,1.310102362577387,0.9765956530128403,0.6682944399968863,3.2002042625968707,1.5983068147467427,-0.3027527277271077,0.3910585254515097,-0.2856017399681791,-0.3548830146408799,-0.5324019509284486,0.6022640405868869,0.44393838999523144,1.048969331886394,4.667104265428429,0.31267107723276094,-0.5098730033644643,0.15903401916533969,-0.44468841761676475,-0.5025682244605395,0.2878696736664509,1.0183373299762644,0.8650300068851325,1.121369923557396,4.955386267357656,1.0994997617732427
-1.027351344091256,0.17143288066996926,-1.0320230322497033,-0.9038132685544229,0.768384080599276,-0.8460912686714511,-0.49716323300040477,-0.4563261277835757,-0.28312541163956745,0.2459100925953911,-0.10603094116476205,2.5443154284133453,-0.162561256197387,-0.39089418668954945,2.9666014985472944,-0.6329431634220882,-0.4196696256459964,-0.07489637131667208,1.8545288296140257,-0.08912230931379456,-0.9790579198296322,0.667030294931234,-0.991396178752258,-0.8399159109634439,0.8482096406792092,-0.9443260856124599,-0.7168172090703798,-0.6956199100206168,-0.010984549102090655,-0.3396352586673846
3.1421166620249346,1.3955644538356577,3.2767603761871804,3.5027056959797567,0.7190421028959013,3.1966984765996274,3.0821445334467645,3.524494201897324,0.057433918891519484,0.7427088884877253,1.874000220901452,0.4782055164651422,2.3738453266200037,1.932546633890609,0.3706198570536544,1.7346747394113142,0.7792689449191422,1.3449733973779059,-1.2965489472207912,0.7828627798146832,2.8657671478406823,1.3531551349267266,3.1432123249146335,3.01609851305493,1.098207472115671,2.2883713210160654,1.8037608855683311,2.6495080914650417,-0.9180214882548913,1.2179238817938274
1.4958273950238332,-0.23580296941287354,1.4550472153382212,1.4057256265104625,0.5357718999976503,0.8057067175849123,0.9352366571471741,1.198639099003139,0.2943447575218401,-0.5501300832788738,0.26706210231554844,-0.39126727512711995,0.038682924885349496,0.3278888074018945,-0.4575622465064196,-0.18602573713846718,-0.049286015489521516,0.504448484137303,-0.567265911354417,-0.6852715665619393,1.5765466472881629,0.5334338717590342,1.3667865585949217,1.3481115400866264,0.8611405629948881,0.7987699615656537,0.7755363937043812,1.711578976431906,1.2035516554074353,-0.3176422078064188
0.31344094552819757,2.779681539533892,0.4763390160559363,0.18100916301823225,0.6133092935315259,2.0666958300660987,2.0932885413858324,1.1895800150279223,1.1642517431175499,1.28018127000867,-0.5269854154753753,-0.010180745673756186,-0.24337174341972928,-0.4045784320680439,-0.7968135938644278,1.2679676115948388,1.2845913075195592,0.6769856132205907,0.1045109353038558,0.8759293409775598,0.27486991001532973,2.865598592320638,0.6568153838600614,0.07479814423394919,0.42579951170035996,3.4668655637097503,4.290540860335589,1.870188127591981,2.0607702778264643,3.236773165954268
-0.5691058780187849,-0.34730802360222357,-0.5652861388944962,-0.5934144451745889,0.47938106833665034,-0.10572448278521035,-0.5031790869445018,-0.39006539927913425,0.45722095908018634,-0.15937313563256517,-0.43691547871598696,0.8013756081406959,-0.500401228584986,-0.4149016347219958,0.3640260504966477,-0.4982632502123869,-0.4264941142753453,-0.6790929049964051,-0.05493804386406097,-0.7476897019603346,-0.5472417135254068,0.06337238281981449,-0.5525321403613006,-0.5600727004022734,0.4904541232787553,-0.4661429246715671,-0.5159326092710339,-0.7672990456410356,0.2741823673739792,-0.7157728208280028
1.4109671235289318,1.730079616403707,1.533179382507815,1.3685349840778558,1.790467904454905,1.4880093536406243,1.3250138606084543,2.5512897519883393,-0.6644037925602405,1.3847704901965294,0.4483325608145682,3.08535299762298,1.5495783569521118,0.6625526329741966,0.1658821634585883,1.9309226129454504,-0.3362247419507772,1.048969331886394,1.3056061144457873,2.4636673000936224,0.8582369964167109,1.2047146647353941,1.034268413465937,0.7587799543483607,0.31804182573636774,0.2021612520651022,-0.12130385753250861,1.084767811751225,-0.9936078998509578,0.4808747157609515
0.5651930842964068,-0.2673152673359504,0.546246744576099,0.4559338351546568,0.07830127814778623,0.2094250442410954,0.08136138795691643,0.28729525109634774,0.17588933820667926,-0.03299449457223437,1.1489183869053734,0.22039566804981303,0.8884964356751435,0.8301246202406724,-0.08962784062543129,-0.3295010732516591,-0.0468043832606674,-0.021077450318215372,-0.23791228225347408,-0.13621623182994888,0.7731193788278979,-0.024042560737303816,0.6658023607554397,0.6426994904908234,-0.018162154471287793,-0.1697589842222589,0.05482718968492733,0.1315878167988511,-0.16731099126668308,-0.1084262624367192
1.0856694161318066,0.20779322442736645,0.9204587031252084,0.9394121867785459,-0.8514425588629555,-0.699269125497285,-0.18860005778443326,0.1974809042563432,1.167953474971149,-1.8095586097076835,0.5674208454002025,0.006159315141299713,0.27537944874950077,0.3490153616704474,-0.9949574809024869,-0.9318775993544784,-0.2875227094595154,-0.30710918633060136,3.8646315342062896,-0.7088185278200165,0.9101379827513534,0.3981881100291533,0.6717936786856914,0.6927033826140703,-1.061256554602731,-0.8316617799557033,-0.20841732142653777,0.08431008904921326,3.4230435595464854,-1.262779470446893
0.3558710812756482,0.8743995266463056,0.3447479976650407,0.2133364137481138,-0.2889440130444782,0.011967834379700344,0.30357199301699667,0.6858949460058785,-0.35716004871154283,-0.25234133135510634,-0.3283793206126239,-0.6705007588333005,-0.3930014842765825,-0.24156785992773303,0.9363684596448517,-0.05134582392876582,0.40733431461963365,0.922336576595908,0.5410351897471692,-0.6191158182654368,0.04858160959628861,0.06996973705054024,0.021735683253351807,-0.0753921174648028,-0.2638496784691891,-0.3227519901993317,0.07577250340808193,0.5281106946990387,-0.5727290171001319,-0.8584456892337549
0.5397350028479363,0.9907526266699743,0.4475534807829278,0.4124493916949933,-0.9896000964324063,-0.7096307414603088,-0.6891692380494984,-0.39084189219129556,-1.0567873690417096,-0.8333925546209938,-0.07738945499859681,-0.042860867303868386,-0.1891505132834479,0.024194589791448094,-0.9933090292632353,-0.8853168293591246,-0.6566655035015634,-0.6667462113555827,-0.7803002031935192,-0.28273065743576253,0.6215684987307418,1.3960379374264458,0.5100280945688882,0.494473667411199,-0.5914330437997256,-0.6082535829431579,-0.5844809087286306,-0.20164390943649868,0.10067719530118979,0.057367505592099036
-0.6002213109002488,1.3907164080013383,-0.5842023477881871,-0.6074324565530329,0.4864299222942746,-0.2112956642952632,-0.42071175579417297,-0.14469363903612428,0.024118332209130153,0.8414875964429261,-0.5190713206136717,-0.0119963079865404,-0.5024866605133045,-0.48284271265381895,0.4213921675426079,-0.28167596121392846,-0.2741839362294246,0.7672114513650624,0.0483117049413933,-0.046513522275369,-0.6676520018217774,0.8154707651225663,-0.6678650105186511,-0.6415076104315611,-0.03109307678696662,-0.43477615775576567,-0.5130764301269675,0.11023658491191794,-0.49886047849488446,-0.05598129499903175
-0.9934072354932955,-0.04915320479157067,-0.9267502175369868,-0.878924146311063,0.05504006008762287,0.22897526303925334,-0.30214930097926274,-0.5671057832519388,0.4016949812762048,0.3199941235617912,0.1901823236589997,-0.024705244176028276,0.3134385814413136,-0.2977452883236575,0.14115538886981235,0.5736789161505421,0.04222417294947359,0.2923386190257385,1.8911236772919087,-0.1795725414479957,-0.8960163416942042,-0.40833844467708696,-0.8535958663564627,-0.8006271385808927,-0.4535032057658153,0.008839545767713128,-0.3669352639222301,-0.514134438981685,0.08693421137463182,-0.4304270840164986
-0.6171933651992294,-1.9980676301880327,-0.6446519718615047,-0.603427310444906,-0.5201464228545795,-0.9886123637100225,-0.7760231293673978,-0.7860767844814603,-0.7865609437289997,-1.0600025316946895,-0.5571343482818649,-0.30067071571919796,-0.6150999846425041,-0.49340598978809536,-0.28579358569638835,-0.7329910989492949,-0.5713593956347035,-0.9451799820505394,-1.2560332230059927,-0.7256377858615003,-0.49741676664415,-0.8701532408278998,-0.57320218722067,-0.5064971016987947,0.24045629184229356,-0.5928902685354183,-0.5582992665746874,-0.6742686781336837,-0.7376448242188228,-0.6137025078578796
1.2299318776731405,-0.15338619022944108,1.2042018365305764,1.205468321104118,0.18614874369944842,0.04520320633656896,0.570525511786298,1.0254811795911414,1.1790586705319452,-0.3612884357174602,1.1293215805811552,0.48002107877792644,1.0183145732129708,0.9866531814122226,-0.18820524865268526,-0.48836839944595983,-0.12776763472703245,0.37939863828794784,0.40903234633766417,-0.016238857800698354,1.398007254296993,0.3734480316639314,1.3607952406646693,1.3034652078337274,0.34390367036772657,-0.26385928496966343,0.2238177890421968,0.7812753013583892,1.3839283194435037,0.12898590198550056
0.23706670118278525,-0.3836683673596199,0.20698865028707167,0.07000939945014424,1.4521229144889036,0.5378687200501489,0.8261993044104174,0.9812210835979401,0.5312555961521617,-0.07947859243350545,3.3765476596448845,0.43826314558389395,2.914493554036578,1.4980118245033303,0.9752719183311929,0.5181578090722568,1.0420117571490704,2.565396576489968,4.065903196434643,-0.34066365735642873,0.488701973714057,-0.6573885668869898,0.4381322794058647,0.1755202697964891,0.3999376670690023,-0.21584892744547737,0.3180717007963924,0.8194025011564838,0.9012060090231685,-0.6785538116786758
-0.532333093704327,0.09871219315517571,-0.5459587080683329,-0.5510743291743903,-0.016858250280151935,-0.4324086389024294,-0.5778759400837052,-0.18791841114644348,0.6126936969313338,-0.37436208824094264,-0.17575034827976965,0.20950229417310898,-0.27152507445202934,-0.2943842455991151,0.15566176329522757,-0.416905588355098,-0.5636042949195343,-0.06381600522875443,-0.7241009728310567,-0.17209731565178085,-0.3645502416274655,0.4856030535862716,-0.4380979678934876,-0.4191688758121245,0.4775232009630765,-0.29394577568482005,-0.6235153570308732,-0.07582415010278545,-0.38032724212832597,-0.09940347233991312
-1.226207246960977,-0.5242616965548875,-1.2055586877526967,-1.039702154365871,0.5357718999976503,-0.37043444531226866,-0.5594523873799084,-0.7907357419544289,-0.849490385240178,1.1538026289483403,0.011173035120466895,0.3874274008259417,-0.04264892031907257,-0.39929679350090563,2.244579680555032,0.21691457462770045,-0.15382477313000056,-0.24901640984109086,1.5996718547144864,0.31379236110219305,-1.0683276163252173,-0.650791212656264,-1.0513093580547779,-0.9038494587495951,0.6413148836283444,-0.4712640294741471,-0.6601696560463935,-0.9094372464883335,-0.6122400958889844,0.06639029568890589
-0.6256793923487194,-1.0914830591702753,-0.5636412511646097,-0.6317494150666605,1.3463901051245282,0.5202735231318064,-0.6376584886531684,-0.47366780282184745,0.6719214065889147,2.278136745967831,-0.014453557765049497,-1.0109186924803024,0.10020316677074555,-0.3474407057508215,1.031319274065752,1.2113470766536176,-0.13304110321334742,-0.11130328846268679,1.3984001924861322,2.1022401328466285,-0.6323593311142205,-1.4688631372662746,-0.6145422809394084,-0.6491867795790596,0.45597166377027804,0.010119821968357949,-0.8305883449756964,-0.8014610166601285,-0.27897273566996356,1.133335224636267
-1.3518004487734319,0.6756296474392037,-1.3490751421852671,-1.1146556029608172,-0.26074859721397825,-0.9176450694727092,-0.6018140255695908,-0.9191159034317843,-0.4497033450515121,0.44346750850579264,-0.37209527318203406,1.2135082531426662,-0.3690190171009197,-0.5195741081434619,1.28518082651052,-0.3866713221243488,0.24137515931501546,0.16095713541185874,2.224398182929767,0.308185941755032,-1.318490370458194,-0.060328009006296056,-1.3155264787788905,-1.0310022130058514,-0.9276370240073811,-1.0699211808957305,-0.8985178056187454,-1.3318866202512256,-0.7805916489893153,-0.5398284139402774
-0.5012176608228631,1.8682489226818144,-0.4386297836932588,-0.5041569033363325,0.5146253381247755,0.6317097702813068,0.25719978553124956,-0.07015031946862757,0.4794313502017785,0.967866237503256,0.019840853302332578,1.0864188912477855,-0.09739150843743351,-0.12153061976550132,0.677891242610179,0.7188033940581384,0.1690976206496395,0.22269060361597082,-0.2339914057165578,0.7002615347665078,-0.11334946776779578,2.2965767899205307,-0.15201253672395557,-0.18611502145199213,2.0119926490903244,1.4113821235742674,0.8274236481549232,0.502184198836334,0.5593492838500491,2.086367428611447
1.7023207223280952,2.205188108167024,1.6195359883268399,1.737580589755262,0.11988951649777342,0.008057790620068919,0.7021223168134181,1.283276826428734,-0.22759943383558592,-1.0716235561600078,1.3772965529145331,2.2737966438085278,1.2378062836684942,1.4293505231305337,-0.4196478588036297,-0.06288981648959727,0.22710577399910428,0.7877892740997662,-0.20785222880378468,-0.4860567990928102,1.5557862527543063,2.1167988871332493,1.4446736916881973,1.5320544289685698,-0.656087655378121,-0.37076234772351757,0.2514275207681734,0.7599240694714559,-0.5452430492470169,-0.9661552460143814
0.45204605563653777,-1.2660127092057796,0.4187679455099193,0.309173838478293,-0.10426403935470263,-0.16359313042775792,-0.2084022436837523,0.2847069413891431,0.009311404794735694,-0.7956242251087107,-0.3329016605335975,-0.717342266503128,-0.4467013564307843,-0.27757903197640255,-0.6016369197770216,-0.5620300662626945,-0.4776777789954611,0.1387964032360237,-0.5071458044550387,-0.5488486957810159,0.27071783110855846,-1.016944372461551,0.22544049288191909,0.08872779989685357,-0.4104001313802184,-0.35347861901481076,-0.46547344439252525,0.3725517195228111,-0.2858442276332425,-0.7214120646385069
1.716464100910579,1.1677062996226382,2.133563403916275,1.6918074913766692,2.290936535446282,4.739210739774288,3.6022652390301455,2.9007115624609794,4.044199125217391,2.718283047591741,2.0036406319693576,1.2244016270193703,3.034405889914892,1.8461198209738023,1.1005542429143251,2.3624480491479627,2.3861258131021743,2.236151412734704,7.629979968491279,0.8179963410568938,1.489352990245964,1.0397808089672467,1.9030095133524743,1.3391822736360466,1.38268776306061,2.344703473844443,2.377376863668359,2.1020015023643985,4.381616688423877,0.910021169740308
-1.333696924187853,0.6126050515930491,-1.3186447191823725,-1.1009236734472392,-1.1566579352281192,-0.8300600892569616,-0.6345252313906179,-1.1182086861099734,-1.9970272598557952,0.6584564611141701,-1.0606215261502436,-0.05193867886778865,-0.8627450261303276,-0.7850484684862538,-0.5033892020776181,0.07508838030891297,0.16041190784865028,-1.0566168067061674,-0.13858340998493562,0.29323549016260203,-1.2935778970175658,0.4245775269520569,-1.2031892675866658,-1.0217157758972482,-1.0009122504628956,-0.3931671812348044,-0.38978469707476227,-1.3318866202512256,-0.8819461554476773,0.4825664889041028
0.44921737992004057,0.28051391194215913,0.38587019091219554,0.32319184985673705,-0.009104510926764476,-0.2932110810595449,-0.27633126113584666,0.09213669917310995,-0.7236315022178204,-1.0483815072293723,-0.1135681743663845,-0.110036672876877,-0.22043199220822562,0.035478090366697856,-0.7964839035365774,-0.1508440455245043,-0.39206146709999457,-0.3223051169654598,-0.6665947836229557,-0.5114725667999411,0.8125641284422258,1.2212080503122091,0.674789337650818,0.7069902089349979,0.41286858938468113,0.6694620653005128,0.10243017541936951,0.6272414141740852,0.9407170878120219,0.15830996980012108
0.9470643060234668,4.87888538579426,0.8875609485274847,0.7637579217506951,0.14244584916217357,0.5241835668914381,0.6732963499979536,1.0296224751226688,-0.016600718180455894,-0.4426356069746851,0.5146602129888455,-0.6436304366040974,0.09029736511123254,0.22801782358691772,-0.719336366819596,0.1361066267018797,-0.1910492565628121,0.30658480399591814,-1.0861285730729664,-0.3885051024522045,1.3108135972547938,3.2086610123183847,1.0312727545008102,0.9552238162611159,0.20166352489525707,0.7898080281611389,0.2638042970591283,1.4279126099340795,-0.06252073882668163,0.08218017835831651
-0.6907389338281444,0.21021724734452574,-0.6828956115813589,-0.6792390046344507,0.38774596688752433,-0.16535265011959197,-0.5762466463071789,-0.692638804051369,0.16848587449948255,0.27641528181685043,-0.7286064036187754,-0.6102240900488713,-0.748567628054889,-0.5800728771852267,-0.59042744863011,-0.4454907127914427,-0.4274247263611655,-1.0297073462069393,-0.7946767504955446,-0.4213960959555504,-0.5908385420465067,0.5598232886819378,-0.5923744045974763,-0.5759667946843053,0.9990704010287984,0.2962615528125067,0.033881875961772716,-0.48454773193836337,0.5438884269326716,0.33820184735519937
-0.1476331962607709,-0.318219748596306,-0.2293178200652411,-0.23266521357830247,-1.171460528539132,-1.2212599674081017,-0.8523492762831275,-0.9305044661434851,-0.890209435629765,-1.090507720916149,-0.5352763719971598,-0.08098767587233283,-0.5973738132517968,-0.4149016347219958,-1.0882598436841353,-1.104927544980658,-0.6678328485314068,-1.0699132460116685,-0.9319074292876041,-0.998857288713158,-0.14449005956858135,0.11285253955025883,-0.2355914218509709,-0.23933344949744756,-1.1560833182510444,-1.11319451647753,-0.7744168218090548,-0.932161057567998,-0.9523789480712848,-1.1770629645272317
-0.4870742822403792,-0.4054845736140579,-0.4596021022493079,-0.5456387737419324,0.5710161697857754,0.5222285450116225,-0.36418779477776225,-0.5055040122204659,-0.12765267378841896,0.46089904520376856,-0.5247242455148885,-0.6129474335180475,-0.3711044490292382,-0.48740412777998376,-0.10776080865720054,0.6418434436525948,0.477440425084762,-0.20469494548942052,-0.2862697595421045,1.1532602180171359,-0.4185272674154937,-0.37700101208113934,-0.34583167176760715,-0.4868527155075192,0.46890258608595686,0.6989084179153469,0.24714325205207352,-0.22772291409839568,-0.12092842051455159,1.595753217097597
-0.16460525055975145,-1.9907955614365536,-0.16064375734249245,-0.2701419378757753,2.3261808052344066,0.03347307505767414,-0.24073745863327325,0.4459586361479986,2.182228002857211,0.537888332286499,0.03793021298622652,-0.3569531474155021,-0.09217792861663711,-0.1645039517435803,2.096219033022376,0.16579117900116075,-0.6377430577565508,-0.5641736795702887,0.6730380331566743,0.8841520893533964,-0.4392876619493506,-2.1318972374542273,-0.4617636737179831,-0.4779234490569394,0.5723499646113899,-0.7183573361986244,-0.87252657540774,-0.5932865057625302,-0.308176576513898,-0.6537411389124583
-0.6426514466476999,-0.05157722770872997,-0.6705589536072121,-0.6454813445802384,-0.5208513082503416,-0.6644697360365639,-0.7681273210657705,-0.8903856656818117,-1.0382787097737158,-0.31044645368169566,-0.6701928463062015,-0.6271088195577629,-0.721978370968828,-0.5373396196874721,-0.5027298214219172,-0.4454907127914427,-0.36383290049677913,-0.8003437681870457,-0.5764146232738877,-0.3275820122130524,-0.601218739313435,-0.07022404035238528,-0.6456971341767189,-0.5836459638318041,-0.16471260738231652,-0.3976481479370618,-0.5787685504404975,-0.6686258525635658,-0.6088043499073454,-0.2014737853100355
-0.36261255071452286,0.7701665412084344,-0.2696175694474524,-0.4303477822008511,0.8952634518365262,1.5036495286791505,1.0217145575935676,0.5249020822177436,1.145743083849556,1.4283493319414702,-0.3540059134981403,-0.25709722021238174,-0.2981143315380902,-0.3450399609475769,-0.019403800793307276,0.7259496751672249,0.4544853269678614,0.504448484137303,-0.49276925715301345,0.6797046638269164,-0.20677124317015244,0.7808346554112553,-0.044168813979420074,-0.29844519340028575,1.977510189581847,1.8191500934796871,1.7114110932435136,1.2921797786528613,0.889180898087431,2.3006586934106
0.8706900616780551,0.7071419453622806,0.8135410006826055,0.7857862253453928,0.08182570512659836,-0.25489265221515534,0.03298389582313694,0.4384525379971049,0.1980997293282725,-1.0033500374262654,0.0763701023145009,-0.8575036770500537,-0.005111145609339307,0.1420711596307598,-0.8403327171406738,-0.7318916710863587,-0.36290228841095873,-0.30520969500124406,-1.1932991984153367,-0.8310384695881315,1.1177419280899232,0.6455888936813744,1.0103031417449286,1.0052277083843626,1.0335528605372757,0.042126726984481985,0.5722716446183135,1.302855394596328,0.5610671568408686,-0.4400137984943556
-0.3767559292970068,-0.6454628424128765,-0.42958290117888476,-0.4323503552549145,0.15583867168166082,-0.9901763812138752,-0.6448023152117835,-0.5096453077519935,-0.8272799941185857,-0.8973081891802418,-0.6151710439343576,-0.6125843210554908,-0.7079017054526779,-0.5082906075682121,0.30336303017218363,-1.0863472140970338,-0.5065267536558901,-0.4972166102104441,0.2574251202435795,-0.7073234826607736,-0.5680021080592638,-0.9328281060197956,-0.6322166688336519,-0.5682876255368069,-0.09574768836536196,-1.1491062639056213,-0.7844134488132876,-0.8258624245309093,-0.8699210445119393,-1.0941660805128224
-0.7642845024570596,-1.0260344404069615,-0.7519808962365788,-0.7198626294454521,-0.3883328538469907,-0.419114490119682,-0.3279673408226787,-0.6398372860243923,-2.3931125681908636,-0.07802596437534029,-0.24735406369518287,-0.18629029001380507,-0.4831964151763583,-0.4016975383041503,0.10357069149487255,0.6544868640763628,0.8366566902113934,0.8416081950982229,0.14110578298173823,0.3683615094145625,-0.7942904084783052,-1.2725918489021797,-0.8284323310494042,-0.7249069590799763,-0.8500514901133064,-0.5704854350241314,-0.49451126569053494,-0.762723781665264,-1.8525443952608063,-0.5206549849845632
-0.40504268646197406,1.1361940016995613,-0.3753016060926406,-0.44236322052523175,1.1349244863957773,0.4538027792180697,0.31109181044711787,0.5280080538663892,0.33876553976502555,0.46380430132009887,0.09596690863871916,-0.05920092811892469,0.051195516455260576,-0.0730355747399596,0.24368908083127047,0.060795818090740604,-0.07596356194970312,0.1736204109409074,-0.5515824052067532,-0.07379809643155374,0.18560021351974476,1.3284150565615047,0.15054901875376933,0.02711586138785307,2.296472940035263,0.9984930488662676,0.6365356753598101,0.8941318127607502,0.8479519463077579,1.105139005583747
-0.10520306051331972,-0.30125158817618747,-0.15200809676058963,-0.19633281674029412,-1.1742800701221818,-0.7669128825389115,-0.7415572994793425,-0.9069508478079221,-1.2603826209896418,-1.0033500374262654,-0.5654253048036496,-0.8228264368758791,-0.6547231912805559,-0.4329072207463306,-1.3859702097329996,-0.5197020935396455,-0.44603696807757126,-0.9458131458269919,-0.9515118119721842,-0.6811601923740211,-0.17770669082275256,-0.4875066954457978,-0.2871167560511379,-0.26290671292697826,-1.4961665751534035,-0.43349588155512064,-0.5344977737074663,-0.8049687190415532,-0.9266108532089897,-0.75355575435838
-0.9792638569108116,1.4707091642676107,-0.9789754029608733,-0.8772076551218657,0.03318861281898593,-0.5991720052507165,-0.8044731053113563,-0.8329251901818663,0.30915168493623557,0.08466837813910748,-0.5665558897838929,0.5127012004080387,-0.6943463979186076,-0.5488631947430465,0.04851240674386456,-0.8258927533674155,-0.6628695840736986,-0.879805822131826,0.1319570710622675,-0.4408316830257095,-0.8192028819189335,1.612101288482718,-0.8625828432518405,-0.7454442719163098,0.7792447216622547,-0.7061947122924972,-0.7434748810816674,-0.7871251895360448,0.8926166440690699,-0.11462943062827356
0.16069245683737346,0.23688149943328318,0.12022082253557499,0.0883186388015814,0.18121454592911088,-0.6058190796420903,-0.17581636815322718,0.11025486712354315,-0.8420869215329811,-0.506551241533932,0.27384561219700876,0.05336393527368401,0.1909194556526008,0.1415910106701108,-0.43646206552399736,-0.756079084070958,-0.37841248984129694,-0.11288619790381808,-0.8456481454754524,-0.6404202117846495,0.5966560252901132,0.901236370122003,0.4980454587083845,0.4730434279298075,0.6283839613126656,-0.4034093908399642,0.10814253370750246,0.7309473976249035,0.23982490755758523,-0.075718648335796
0.13523437538890287,0.855007343309027,0.1880724413933807,0.009932207828240872,-0.8013956957638176,0.5867442670455437,0.1870148228501188,-0.28394470128373966,-1.330715526208018,-0.1797099284468714,-0.6581332731836056,-0.18629029001380507,-0.3153191449467179,-0.479241595448952,-0.923084989431111,1.1552762556438645,1.0423219611776775,0.6738197943383287,-0.5476615286698373,0.2270797418660994,-0.14864213847535265,0.305825150798991,-0.026194860188663873,-0.24933422792209695,-1.2595306967764768,0.4287701395792601,0.4642128670011298,-0.03769695030469047,-1.0846551683644017,-0.19527061711848115
-0.2579515492041438,-0.41760468819985697,-0.31608564781673776,-0.3204923460922277,-1.6881415236330457,-1.1289829346807965,-0.5592017267989043,-0.9649289852493081,-1.2085583750392588,-0.9234554942272066,-0.8932949490742256,0.7087819301887115,-1.0196737787362955,-0.6228061346829812,-0.2574402175012584,-0.5323455139634135,-0.04308193491738618,-1.016252615957325,-0.12420686268291048,-0.578749598965876,-0.4683522142967505,0.39653877147147215,-0.5540299698438635,-0.4841739355723453,-0.9362576388845002,-0.6357795212570245,-0.18509185841666104,-0.9649504493943597,-0.21025781603717555,-0.6497936682451054
